City,Max Temperature,Cloudiness,Latitude,Longitude,Country,Wind Speed,Humidity,Dates
Albany,26.01,18,42.6001,-73.9662,US,2.82,64,1612497597
Petrovskoye,6.67,100,57.0104,39.2693,RU,9.15,94,1612497773
Liku,85.48,95,-0.7275,119.8922,ID,4.88,59,1612497773
Jamestown,36.0,90,42.097,-79.2353,US,19.57,64,1612497773
Hobart,78.01,75,-42.8794,147.3294,AU,14.97,73,1612497606
Provideniya,-4.92,100,64.3833,-173.3,RU,27.34,88,1612497773
Taoudenni,66.43,15,22.6783,-3.9836,ML,6.22,21,1612497773
Airai,64.4,99,-8.9266,125.4092,TL,3.27,100,1612497770
Ushuaia,44.6,40,-54.8,-68.3,AR,29.93,81,1612497543
Busselton,75.0,1,-33.65,115.3333,AU,1.01,42,1612497773
Kahului,71.6,90,20.8947,-156.47,US,12.66,60,1612497774
Shimoda,51.8,40,34.6667,138.95,JP,6.91,54,1612497774
Kapaa,68.0,75,22.0752,-159.319,US,12.66,60,1612497774
Asău,36.0,27,46.4333,26.4,RO,1.12,72,1612497774
Riohacha,78.03,94,11.5444,-72.9072,CO,12.84,82,1612497607
Waingapu,85.35,74,-9.6567,120.2641,ID,15.37,72,1612497774
Necochea,57.16,0,-38.5473,-58.7368,AR,3.78,83,1612497774
Mar del Plata,64.0,40,-38.0023,-57.5575,AR,6.91,77,1612497774
Gwadar,67.73,0,25.1216,62.3254,PK,8.23,25,1612497618
San Matías,76.48,100,-16.3667,-58.4,BO,3.71,91,1612497775
Katsuura,48.2,20,35.1333,140.3,JP,6.91,43,1612497775
Port Alfred,69.01,65,-33.5906,26.891,ZA,3.0,86,1612497775
Borgo San Dalmazzo,46.0,100,44.333,7.4858,IT,3.65,74,1612497775
Rikitea,78.91,100,-23.1203,-134.9692,PF,11.97,69,1612497775
São Borja,63.68,0,-28.6606,-56.0044,BR,5.37,90,1612497775
Atuona,78.76,3,-9.8,-139.0333,PF,10.83,74,1612497775
Makakilo City,75.2,20,21.3469,-158.0858,US,11.5,50,1612497775
Council Bluffs,23.0,75,41.2619,-95.8608,US,4.61,73,1612497776
Puerto Ayora,77.0,35,-0.7393,-90.3518,EC,1.99,95,1612497776
Nikolskoye,6.01,20,59.7035,30.7861,RU,11.18,85,1612497776
Moses Lake,46.4,20,47.1301,-119.2781,US,9.22,61,1612497776
Yellowknife,-31.0,1,62.456,-114.3525,CA,6.91,75,1612497606
São Luiz Gonzaga,61.47,0,-28.4083,-54.9608,BR,4.83,96,1612497619
Coquimbo,60.8,90,-29.9533,-71.3436,CL,6.91,82,1612497777
Vaini,84.2,75,-21.2,-175.2,TO,9.22,84,1612497772
Khovd,24.93,95,48.0056,91.6419,MN,4.07,75,1612497777
Upernavik,-4.38,98,72.7868,-56.1549,GL,7.76,72,1612497777
Punta Arenas,48.2,75,-53.15,-70.9167,CL,11.5,61,1612497729
Constitución,59.58,89,-35.3333,-72.4167,CL,3.09,90,1612497777
Ostrovnoy,13.35,100,68.0531,39.5131,RU,20.96,92,1612497777
The Valley,78.8,20,18.217,-63.0578,AI,13.8,73,1612497777
Auki,85.17,28,-8.7676,160.7034,SB,8.57,66,1612497777
Avarua,84.2,20,-21.2078,-159.775,CK,4.61,70,1612497778
Buckeye,60.01,0,33.3703,-112.5838,US,9.22,35,1612497504
Punta Alta,68.41,0,-38.8759,-62.0736,AR,12.21,46,1612497778
Mataura,75.43,81,-46.1927,168.8643,NZ,1.83,39,1612497778
Bredasdorp,60.8,3,-34.5322,20.0403,ZA,1.14,88,1612497778
Chicama,72.79,98,-7.8447,-79.1469,PE,4.92,66,1612497778
Clyde River,-22.0,90,70.4692,-68.5914,CA,17.27,76,1612497778
Bluff,58.37,87,-46.6,168.3333,NZ,11.45,73,1612497510
Kismayo,76.46,6,-0.3582,42.5454,SO,11.21,83,1612497779
Ilulissat,3.2,82,69.2167,-51.1,GL,17.27,43,1612497779
Cape Town,66.99,0,-33.9258,18.4232,ZA,10.36,88,1612497774
Cidreira,68.38,1,-30.1811,-50.2056,BR,16.22,76,1612497779
Fortuna,46.0,1,40.5982,-124.1573,US,3.44,93,1612497779
Atar,57.87,100,20.5169,-13.0499,MR,5.01,65,1612497779
Klaksvík,33.8,20,62.2266,-6.589,FO,12.66,69,1612497779
Tessalit,66.76,85,20.1986,1.0114,ML,16.15,23,1612497729
Hilo,71.6,75,19.7297,-155.09,US,16.11,73,1612497780
Aguadilla,77.0,40,18.4275,-67.1541,PR,6.91,94,1612497780
Butaritari,80.83,97,3.0707,172.7902,KI,13.78,83,1612497780
Tiksi,-15.2,100,71.6872,128.8694,RU,9.8,90,1612497780
Warmbad,68.02,0,-28.45,18.7333,NA,1.5,34,1612497780
Saint-Joseph,82.99,75,-21.3667,55.6167,RE,10.36,69,1612497780
Marystown,42.19,100,47.1666,-55.1483,CA,9.75,97,1612497780
Şabyā,71.6,0,17.1495,42.6254,SA,9.22,73,1612497780
Lebu,60.15,0,-37.6167,-73.65,CL,3.87,80,1612497781
Mulegé,64.22,99,26.8833,-111.9833,MX,6.89,56,1612497781
East London,68.0,40,-33.0153,27.9116,ZA,1.14,100,1612497595
Hithadhoo,82.54,100,-0.6,73.0833,MV,11.52,76,1612497781
Grand Gaube,82.99,2,-20.0064,57.6608,MU,4.0,69,1612497781
Rovaniemi,14.0,96,66.5,25.7167,FI,6.91,92,1612497781
Orotukan,-15.21,100,62.2667,151.7,RU,2.62,85,1612497781
Sittwe,74.46,32,20.15,92.9,MM,2.68,41,1612497781
Pueblo Nuevo,50.79,0,23.3833,-105.3833,MX,4.9,59,1612497781
Kamenka,39.0,100,51.3223,42.7678,RU,12.64,98,1612497782
Hermanus,63.0,21,-34.4187,19.2345,ZA,7.07,91,1612497782
Mahébourg,82.4,40,-20.4081,57.7,MU,11.5,65,1612497782
Karratha,85.89,26,-20.7377,116.8463,AU,15.61,67,1612497782
Anloga,84.2,40,5.7947,0.8973,GH,4.61,84,1612497782
Bajram Curri,41.0,75,42.3554,20.0784,AL,4.61,100,1612497782
Port Elizabeth,60.8,0,-33.918,25.5701,ZA,5.48,88,1612497776
Lola,70.12,17,7.8,-8.5333,GN,3.09,96,1612497783
Urusha,-8.32,90,54.05,122.9,RU,3.53,82,1612497783
Carnarvon,82.4,75,-24.8667,113.6333,AU,19.57,70,1612497767
Tautira,82.0,37,-17.7333,-149.15,PF,1.99,65,1612497783
Larap,76.19,99,14.299,122.6504,PH,14.85,88,1612497783
Kangaatsiaq,3.56,100,68.3065,-53.4641,GL,16.13,83,1612497783
Henties Bay,66.0,7,-22.116,14.2845,NA,1.99,84,1612497783
Meulaboh,85.86,49,4.1363,96.1285,ID,0.63,61,1612497784
Tibati,61.0,0,6.4667,12.6333,CM,3.18,30,1612497764
Tuktoyaktuk,-31.0,40,69.4541,-133.0374,CA,10.36,68,1612497763
Kiama,84.0,23,-34.6833,150.8667,AU,7.0,68,1612497784
Hirara,73.4,20,24.8,125.2833,JP,10.36,49,1612497784
Pisco,72.0,0,-13.7,-76.2167,PE,11.5,78,1612497784
Maniitsoq,14.58,100,65.4167,-52.9,GL,3.56,72,1612497785
Guerrero Negro,60.04,100,27.9769,-114.0611,MX,15.03,74,1612497785
Santa Isabel Rio Negro,74.8,100,-0.4139,-65.0192,BR,1.36,94,1612497785
Mahibadhoo,81.25,100,3.7833,72.9667,MV,16.8,77,1612497721
La Maná,50.0,75,-0.9333,-79.2167,EC,14.97,87,1612497785
La Ronge,-0.4,100,55.1001,-105.2842,CA,11.5,71,1612497774
Port Hardy,44.6,90,50.6996,-127.4199,CA,4.61,100,1612497785
Olafsvik,38.8,100,64.8945,-23.7142,IS,35.75,76,1612497785
Plouzané,46.4,20,48.3833,-4.6167,FR,4.61,100,1612497786
Rio Grande,64.99,77,-32.035,-52.0986,BR,4.0,90,1612497615
Melilla,69.8,20,35.2937,-2.9383,ES,12.66,88,1612497786
Chokurdakh,-14.93,100,70.6333,147.9167,RU,20.45,87,1612497786
Waipawa,59.0,90,-41.4122,175.5153,NZ,19.57,77,1612497786
Qaanaaq,-17.95,74,77.484,-69.3632,GL,8.28,63,1612497786
Banda Aceh,83.89,38,5.5577,95.3222,ID,15.5,68,1612497498
Korla,31.33,30,41.7597,86.1469,CN,6.55,74,1612497785
Minbu,80.2,41,20.1833,94.8833,MM,6.46,27,1612497787
Bethel,25.0,1,41.3712,-73.414,US,2.17,86,1612497787
Alta Floresta,72.86,99,-9.8756,-56.0861,BR,3.2,95,1612497787
Golden,36.0,40,39.7555,-105.2211,US,23.02,27,1612497607
Hay River,-25.6,69,60.8156,-115.7999,CA,4.61,68,1612497787
Kaniama,64.24,11,-7.5667,24.1833,CD,3.47,94,1612497787
Yeppoon,89.6,30,-23.1333,150.7333,AU,10.36,40,1612497787
Vanimo,83.5,30,-2.6741,141.3028,PG,7.34,77,1612497552
Atambua,77.59,100,-9.1061,124.8925,ID,2.71,85,1612497788
Mahon,53.6,90,39.8885,4.2658,ES,8.05,94,1612497788
Severo-Kuril'sk,13.1,74,50.6789,156.125,RU,9.89,85,1612497775
Lüderitz,64.98,0,-26.6481,15.1594,NA,17.43,68,1612497788
Castro,60.87,1,-24.7911,-50.0119,BR,5.17,89,1612497788
Ribera,55.99,100,37.4984,13.2642,IT,1.99,76,1612497788
Leningradskiy,-25.01,100,69.3833,178.4167,RU,11.36,85,1612497789
Nebolchi,6.48,100,59.1239,33.3454,RU,6.51,95,1612497789
Stromness,33.8,75,58.965,-3.296,GB,24.16,93,1612497789
Tilichiki,-5.01,96,60.4667,166.1,RU,14.56,93,1612497789
Locri,50.0,40,38.2414,16.2623,IT,6.91,81,1612497789
Vostok,1.27,7,46.4856,135.8833,RU,5.06,84,1612497785
Kruisfontein,61.0,0,-34.0033,24.7314,ZA,3.65,95,1612497789
Oro Valley,60.01,0,32.3909,-110.9665,US,3.0,32,1612497521
Eyl,69.55,7,7.9803,49.8164,SO,13.78,75,1612497789
Bathurst,86.0,48,-33.4166,149.5806,AU,1.99,42,1612497672
Mossamedes,69.62,20,-15.1961,12.1522,AO,8.93,77,1612497790
Gigmoto,78.67,94,13.7796,124.39,PH,13.91,85,1612497790
Hong Kong,73.4,20,22.2855,114.1577,HK,8.05,49,1612497539
Haines Junction,-22.0,24,60.7522,-137.5108,CA,2.33,69,1612497790
Thanh Hoa,73.81,53,19.8,105.7667,VN,4.56,62,1612497691
George Town,87.8,20,5.4112,100.3354,MY,3.44,54,1612497613
Puerto Lleras,74.07,96,3.0223,-73.4044,CO,2.06,88,1612497790
Emba,31.77,49,48.8264,58.1442,KZ,6.31,96,1612497790
Torbay,41.0,90,47.6666,-52.7314,CA,5.75,100,1612497782
Amga,-26.16,100,60.8953,131.9608,RU,3.18,80,1612497791
Atikokan,3.09,100,48.7555,-91.6216,CA,11.05,92,1612497791
Toora-Khem,13.64,100,52.4675,96.11,RU,0.96,93,1612497791
Ilebo,69.75,47,-4.3167,20.5833,CD,0.69,92,1612497791
Cukai,82.4,40,4.25,103.4167,MY,6.91,78,1612497688
Pevek,-14.46,81,69.7008,170.3133,RU,1.32,81,1612497791
Florida,41.0,1,28.7505,-82.5001,US,6.26,75,1612497554
Bengkulu,85.51,33,-3.8004,102.2655,ID,5.53,60,1612497791
Tsiroanomandidy,69.82,100,-18.7667,46.0333,MG,2.68,92,1612497792
Ukholovo,27.0,100,53.7929,40.4892,RU,19.17,83,1612497792
Podor,69.8,0,16.6527,-14.9587,MR,4.61,68,1612497792
San Miguel de Tucumán,73.4,0,-26.8241,-65.2226,AR,3.76,73,1612497792
San Patricio,66.2,20,28.017,-97.5169,US,11.5,88,1612497551
Ugoofaaru,81.7,99,5.6667,73.0,MV,8.34,70,1612497792
Salto,69.01,0,-31.3833,-57.9667,UY,7.0,72,1612497733
Tasiilaq,23.0,40,65.6145,-37.6368,GL,4.61,80,1612497792
Vao,78.91,0,-22.6667,167.4833,NC,15.08,88,1612497777
Jūybār,37.4,0,36.6412,52.9124,IR,2.3,93,1612497793
Cam Ranh,82.4,20,11.9214,109.1591,VN,13.8,54,1612497793
Sørland,37.09,100,67.667,12.6934,NO,18.95,77,1612497793
Chui,65.05,83,-33.6971,-53.4616,UY,12.84,81,1612497779
Havøysund,26.6,75,70.9963,24.6622,NO,5.75,93,1612497793
Cabo San Lucas,73.99,20,22.8909,-109.9124,MX,6.91,46,1612497732
Saint-Philippe,82.99,75,-21.3585,55.7679,RE,10.36,69,1612497793
Prince Rupert,39.2,75,54.3161,-130.3201,CA,12.66,93,1612497598
Kumul,35.83,0,42.8,93.45,CN,2.91,71,1612497793
Tuy Hoa,76.17,57,13.0833,109.3,VN,11.9,77,1612497792
Caravelas,76.5,0,-17.7125,-39.2481,BR,7.36,85,1612497794
Saýat,42.8,0,38.7839,63.8803,TM,9.22,81,1612497794
Beyneu,41.11,95,45.3167,55.2,KZ,10.8,79,1612497794
Dzilam González,68.47,0,21.2833,-88.9333,MX,8.34,75,1612497794
Dwārka,71.42,0,22.2394,68.9678,IN,14.25,43,1612497794
Ocara,76.51,100,-4.4908,-38.5967,BR,4.12,87,1612497794
Sitka,39.2,40,57.0531,-135.33,US,10.36,65,1612497794
Miles City,23.0,40,46.4083,-105.8406,US,4.61,68,1612497795
Souillac,82.4,40,-20.5167,57.5167,MU,11.5,65,1612497795
Cap Malheureux,82.99,2,-19.9842,57.6142,MU,4.0,69,1612497795
Namatanai,84.38,21,-3.6667,152.4333,PG,4.12,72,1612497795
Nhamundá,77.32,9,-2.1861,-56.7131,BR,2.77,78,1612497795
Esperance,64.4,90,-33.8667,121.9,AU,14.97,52,1612497795
Deputatsky,-25.94,88,69.3,139.9,RU,3.42,88,1612497795
Mokhsogollokh,-24.72,93,61.4681,128.9203,RU,4.76,84,1612497795
Nouadhibou,62.6,55,20.931,-17.0347,MR,4.61,94,1612497796
Río Gallegos,50.0,0,-51.6226,-69.2181,AR,20.71,53,1612497796
Alice Springs,77.0,90,-23.7,133.8833,AU,9.22,57,1612497796
Zhengjiatun,26.71,66,43.5064,123.5064,CN,8.39,94,1612497796
Saskylakh,-32.64,85,71.9167,114.0833,RU,0.72,81,1612497796
Biratnagar,74.01,0,26.4831,87.2834,NP,1.86,35,1612497796
Lagoa,54.19,54,39.05,-27.9833,PT,20.98,69,1612497796
Arlit,60.12,28,18.7369,7.3853,NE,6.13,30,1612497796
Qaqortoq,14.0,74,60.7167,-46.0333,GL,4.61,44,1612497796
Mehamn,24.8,40,71.0357,27.8492,NO,9.22,80,1612497797
São João da Barra,76.6,0,-21.6403,-41.0511,BR,17.9,84,1612497797
Kavaratti,81.5,58,10.5669,72.642,IN,10.47,73,1612497797
Narsaq,14.0,50,60.9167,-46.05,GL,4.61,44,1612497775
Hutchinson,26.6,1,38.0608,-97.9298,US,4.61,68,1612497750
Hambantota,77.0,40,6.1241,81.1185,LK,4.61,83,1612497797
Kaitangata,59.0,77,-46.2817,169.8464,NZ,15.01,72,1612497797
Nome,10.99,90,64.5011,-165.4064,US,17.27,72,1612497798
Bushenyi,62.55,86,-0.5853,30.2114,UG,1.16,85,1612497798
Kisanga,73.06,3,-7.4362,37.7034,TZ,0.72,89,1612497798
Clearwater,53.6,33,27.9659,-82.8001,US,3.44,76,1612497696
Port Lincoln,67.06,52,-34.7333,135.8667,AU,23.55,56,1612497798
Barinas,79.74,75,8.6226,-70.2075,VE,4.18,59,1612497798
Káloz,44.01,100,46.9546,18.4826,HU,4.0,60,1612497798
Sishui,52.09,100,35.6489,117.2758,CN,11.81,45,1612497798
Mashhad,35.6,0,36.297,59.6062,IR,3.38,51,1612497798
Hamilton,37.99,90,39.1834,-84.5333,US,11.5,93,1612497521
Adré,58.84,2,13.4667,22.2,TD,21.88,33,1612497799
Pangnirtung,5.88,98,66.1451,-65.7125,CA,2.84,88,1612497799
Kharan,54.55,0,28.5833,65.4167,PK,1.74,34,1612497799
Port Macquarie,87.01,2,-31.4333,152.9167,AU,3.0,54,1612497799
Honningsvåg,24.8,40,70.9821,25.9704,NO,9.22,80,1612497799
Saint Anthony,10.4,1,45.0205,-93.218,US,14.97,66,1612497799
Nordenham,32.0,99,53.5,8.4833,DE,8.05,93,1612497799
Nuuk,14.0,40,64.1835,-51.7216,GL,12.66,67,1612497799
Saint-Augustin,34.68,100,51.226,-58.6502,CA,14.38,97,1612497800
Bathsheba,78.8,40,13.2167,-59.5167,BB,18.41,65,1612497702
Faya,59.0,0,18.3851,42.4509,SA,8.05,44,1612497800
Taksimo,-4.34,100,56.3444,114.8794,RU,0.69,85,1612497800
Utinga,78.8,20,-5.8172,-35.3954,BR,5.75,83,1612497800
Saint-Prosper,24.8,98,46.2117,-70.4811,CA,3.44,86,1612497800
Barrow,-20.2,90,71.2906,-156.7887,US,10.36,69,1612497774
Saint Paul Harbor,24.8,1,57.79,-152.4072,US,8.05,80,1612497634
Touros,78.8,20,-5.1989,-35.4608,BR,9.22,78,1612497787
Mambolo,72.88,0,8.9231,-13.0444,SL,3.94,85,1612497801
Plyussa,9.25,91,58.4308,29.3654,RU,5.59,96,1612497801
Esil,32.18,100,51.9556,66.4042,KZ,10.63,98,1612497801
Ponta do Sol,50.0,92,32.6667,-17.1,PT,5.99,66,1612497786
Laas,39.99,0,46.6166,10.7002,IT,3.47,86,1612497801
Kortkeros,19.4,90,61.8106,51.5806,RU,4.47,86,1612497801
Biloela,91.53,50,-24.4167,150.5,AU,1.88,25,1612497613
Thinadhoo,82.26,100,0.5333,72.9333,MV,15.32,79,1612497801
Port-Gentil,81.52,84,-0.7193,8.7815,GA,7.83,80,1612497802
Dingle,82.94,83,10.9995,122.6711,PH,15.46,79,1612497620
Eureka,46.0,3,40.8021,-124.1637,US,5.28,84,1612497759
La Asuncion,76.95,91,11.0333,-63.8628,VE,16.55,85,1612497802
Vostochnyy,17.6,75,55.8167,37.8667,RU,15.66,79,1612497802
Ishigaki,73.4,20,24.3448,124.1572,JP,12.66,56,1612497604
Sabalgarh,61.09,13,26.25,77.4,IN,4.5,68,1612497802
Hearst,32.0,100,49.6835,-83.6665,CA,8.05,55,1612497802
Harper,78.22,62,4.375,-7.7169,LR,7.23,90,1612497801
Lavrentiya,-7.17,100,65.5833,-171.0,RU,18.77,90,1612497803
Homer,25.0,20,59.6425,-151.5483,US,3.44,93,1612497803
Ribeira Grande,55.22,51,38.5167,-28.7,PT,19.06,68,1612497763
Bambous Virieux,82.99,40,-20.3428,57.7575,MU,11.5,65,1612497803
Nanortalik,21.38,100,60.1432,-45.2371,GL,8.3,79,1612497803
Linjiang,34.29,40,41.8069,126.9078,CN,10.96,83,1612497803
Vallenar,64.2,76,-28.5708,-70.7581,CL,2.91,64,1612497803
Tuatapere,64.54,81,-46.1333,167.6833,NZ,7.02,59,1612497803
Salalah,69.8,40,17.0151,54.0924,OM,4.61,73,1612497712
Aklavik,-36.4,99,68.2191,-135.0107,CA,8.05,74,1612497804
Dikson,-14.26,99,73.5069,80.5464,RU,10.49,88,1612497804
Mangan,65.71,0,27.5167,88.5333,IN,5.3,25,1612497804
Bonthe,76.84,20,7.5264,-12.505,SL,5.99,88,1612497804
Canavieiras,75.81,0,-15.675,-38.9472,BR,6.49,90,1612497804
Balkanabat,53.04,100,39.5108,54.3671,TM,6.42,42,1612497804
Avera,50.0,1,33.194,-82.5271,US,9.22,46,1612497804
Roebourne,86.72,20,-20.7833,117.1333,AU,15.52,65,1612497805
Beringovskiy,-0.94,100,63.05,179.3167,RU,8.55,92,1612497805
Camacha,55.4,40,33.0833,-16.3333,PT,17.27,71,1612497785
Birjand,24.8,0,32.8663,59.2211,IR,4.61,24,1612497769
Nurota,39.2,100,40.5614,65.6886,UZ,11.5,75,1612497805
Leh,10.44,100,34.1667,77.5833,IN,0.2,66,1612497805
Loikaw,81.79,0,19.6742,97.2094,MM,2.35,31,1612497805
Saint-François,45.0,90,46.4154,3.9054,FR,3.44,93,1612497805
Oranzherei,39.2,90,45.8476,47.5663,RU,11.18,93,1612497806
Ninotsminda,24.8,40,41.2646,43.5916,GE,5.97,93,1612497806
Longyearbyen,19.4,75,78.2186,15.6401,SJ,10.36,68,1612497806
Uusikaupunki,3.2,0,60.8004,21.4084,FI,4.61,85,1612497806
Province of Groningen,36.0,90,53.25,6.75,NL,11.5,100,1612497806
Władysławowo,19.0,40,54.7909,18.4009,PL,2.3,93,1612497806
Shubarshi,31.53,61,48.5872,57.1869,KZ,8.5,96,1612497806
Waddān,55.99,15,29.1614,16.139,LY,4.45,87,1612497807
Geraldton,80.6,75,-28.7667,114.6,AU,20.71,29,1612497807
Khatanga,-30.8,0,71.9667,102.5,RU,8.37,78,1612497807
Casambalangan,75.04,62,18.3765,122.1274,PH,11.97,73,1612497807
Ha Tinh,72.75,78,18.3333,105.9,VN,4.25,77,1612497808
Khanbari,65.59,0,27.3747,87.2039,NP,2.86,31,1612497808
Mīnāb,53.6,0,27.1467,57.0801,IR,4.61,71,1612497808
Los Llanos de Aridane,57.2,90,28.6585,-17.9182,ES,10.36,62,1612497779
Gemünden am Main,37.0,100,50.05,9.7,DE,3.78,94,1612497808
Baruun-Urt,13.73,21,46.6806,113.2792,MN,10.4,93,1612497808
Mitchell,14.0,20,43.7094,-98.0298,US,13.8,67,1612497753
Maroua,65.39,1,10.591,14.3159,CM,9.55,26,1612497809
Boden,19.4,90,65.8252,21.6886,SE,6.91,93,1612497809
Arvika,8.6,9,59.6553,12.5852,SE,8.05,92,1612497809
Arraial do Cabo,78.8,0,-22.9661,-42.0278,BR,20.71,73,1612497809
Mosquera,53.6,75,4.7059,-74.2302,CO,6.91,82,1612497809
São Bento,72.54,18,-6.2833,-37.75,BR,3.76,75,1612497809
Abadan,37.4,40,38.0507,58.2056,TM,6.91,65,1612497809
Morshansk,35.53,100,53.4435,41.8107,RU,5.68,98,1612497809
Mumford,79.63,6,5.2618,-0.759,GH,7.65,88,1612497809
Doha,66.2,0,25.2867,51.5333,QA,2.3,100,1612497768
Estrela,54.12,28,-28.0611,-50.9383,BR,2.84,99,1612497810
Starokostiantyniv,23.97,23,49.7576,27.2034,UA,12.24,93,1612497810
Sept-Îles,30.2,88,50.2001,-66.3821,CA,4.61,80,1612497810
Amapá,69.89,100,1.0,-52.0,BR,1.81,98,1612497810
Dutse,63.72,0,11.7594,9.3392,NG,8.86,28,1612497810
Cayenne,78.8,75,4.9333,-52.3333,GF,6.91,83,1612497810
Srednekolymsk,-8.14,87,67.45,153.6833,RU,14.52,85,1612497811
Jutaí,74.7,100,-5.1833,-68.9,BR,1.32,95,1612497811
Simão Dias,71.8,10,-10.7383,-37.8111,BR,7.45,90,1612497811
Ust-Tsilma,-2.76,100,65.441,52.1498,RU,8.63,92,1612497811
Sola,86.0,90,-13.8833,167.55,VU,6.15,84,1612497811
Butembo,60.35,98,0.15,29.2833,CD,2.77,81,1612497811
Baharly,52.18,88,38.4362,57.4316,TM,5.01,41,1612497811
Catabola,62.64,100,-12.15,17.2833,AO,3.27,91,1612497812
Alofi,82.4,90,-19.0595,-169.9187,NU,8.05,78,1612497812
Kununurra,91.4,75,-15.7667,128.7333,AU,3.44,62,1612497812
Nānākuli,71.6,75,21.3906,-158.1547,US,4.61,56,1612497812
Cherskiy,-6.65,99,68.75,161.3,RU,6.98,76,1612497812
Bud,30.0,100,39.447,-86.1758,US,20.11,86,1612497812
Lompoc,50.0,1,34.6391,-120.4579,US,5.75,93,1612497812
Yar-Sale,-22.65,1,66.8333,70.8333,RU,5.41,87,1612497813
Bayonet Point,53.6,1,28.3267,-82.6834,US,6.91,87,1612497813
Tocopilla,67.95,67,-22.092,-70.1979,CL,2.66,59,1612497813
Bondo,70.86,94,3.8146,23.6866,CD,3.44,79,1612497813
Namysłów,32.0,92,51.0759,17.7228,PL,1.01,87,1612497563
Kieta,85.37,4,-6.2167,155.6333,PG,5.32,70,1612497621
Balkhash,19.4,90,46.844,74.9804,KZ,4.47,93,1612497813
San Policarpo,81.64,98,12.1791,125.5072,PH,16.26,84,1612497813
Aswān,55.11,0,24.0934,32.907,EG,11.72,72,1612497772
Malbork,19.0,71,54.0359,19.0266,PL,3.69,90,1612497813
Bandarbeyla,71.56,7,9.4942,50.8122,SO,9.37,67,1612497814
Murgab,39.2,0,37.4966,61.9714,TM,4.61,70,1612497814
Saldanha,59.0,0,-33.0117,17.9442,ZA,3.44,82,1612497814
Kyshtovka,8.82,100,56.555,76.6271,RU,7.7,94,1612497814
Watrous,-2.2,98,51.6668,-105.4679,CA,9.22,78,1612497814
Ballarat,69.01,95,-37.5662,143.8496,AU,1.01,89,1612497814
New Norfolk,78.01,100,-42.7826,147.0587,AU,1.01,78,1612497815
Chizhou,51.35,99,30.6578,117.4831,CN,3.94,83,1612497815
Oktyabr'skiy,33.69,100,54.4815,53.471,RU,7.36,95,1612497815
Maraã,74.61,88,-1.8333,-65.3667,BR,1.3,96,1612497815
Salmās,35.6,75,38.1973,44.7653,IR,4.61,87,1612497815
Vardø,15.8,40,70.3705,31.1107,NO,11.5,79,1612497815
Carutapera,78.1,59,-1.195,-46.02,BR,6.38,88,1612497815
Dīg,59.49,1,27.4667,77.3333,IN,4.88,69,1612497815
Ahipara,68.7,100,-35.1667,173.1667,NZ,6.96,70,1612497803
Barbalha,77.0,0,-7.3111,-39.3042,BR,3.44,73,1612497598
Lachi,44.6,0,33.3833,71.3386,PK,4.61,81,1612497816
Bradford,43.0,100,53.7939,-1.7521,GB,1.88,99,1612497698
Santa Cruz de Barahona,75.06,1,18.2085,-71.1008,DO,2.19,80,1612497816
Gornopravdinsk,11.73,100,60.05,69.9,RU,6.4,96,1612497816
Smoky Lake,-4.0,81,54.1169,-112.4686,CA,8.05,84,1612497816
Jeremoabo,71.87,16,-10.075,-38.4808,BR,7.38,87,1612497816
Znamensk,42.24,92,48.5842,45.7338,RU,14.99,91,1612497816
Xuanzhou,51.06,99,30.9525,118.7553,CN,5.7,84,1612497817
Bac Lieu,85.08,44,9.285,105.7244,VN,11.3,57,1612497583
Pa Sang,84.99,20,18.5262,98.9394,TH,2.3,57,1612497817
Komsomolets,34.75,100,53.7453,62.0708,KZ,8.3,98,1612497817
Porgera,50.95,92,-5.4667,143.2,PG,2.28,100,1612497817
Nacozari,69.01,72,25.3366,-108.2574,MX,4.0,67,1612497817
Przhevalskoye,7.59,100,55.5093,31.8482,RU,6.8,95,1612497817
Thompson,-11.2,90,55.7435,-97.8558,CA,8.05,77,1612497817
Hasaki,50.0,20,35.7333,140.8333,JP,5.75,34,1612497818
Florence,52.0,75,43.7667,11.25,IT,1.14,93,1612497787
Balikpapan,84.2,20,-1.2675,116.8289,ID,2.3,84,1612497818
Muros,45.0,65,42.7762,-9.0603,ES,8.16,94,1612497818
Richards Bay,73.71,82,-28.783,32.0377,ZA,7.61,89,1612497818
Puro,81.91,58,12.4841,123.3827,PH,15.32,79,1612497818
Kichmengskiy Gorodok,3.97,100,59.9816,45.7854,RU,2.66,94,1612497818
Palmerston,77.0,75,-12.486,130.9833,AU,13.8,94,1612497818
Galle,80.01,42,6.0367,80.217,LK,4.29,76,1612497819
Muş Province,25.95,100,39.0,41.75,TR,0.36,97,1612497819
Cerro de Pasco,38.64,100,-10.6833,-76.2667,PE,2.73,99,1612497819
Upata,75.99,83,8.0086,-62.3989,VE,1.99,89,1612497819
Nanzhang,62.47,5,31.7765,111.8386,CN,4.25,30,1612497819
Barcelos,48.2,0,41.5388,-8.6151,PT,3.44,87,1612497629
Mineros,71.6,100,-17.1167,-63.2333,BO,4.61,83,1612497819
Magadan,-1.59,95,59.5667,150.8,RU,16.37,84,1612497791
Tabou,77.68,80,4.423,-7.3528,CI,6.82,92,1612497819
Puerto Nariño,75.2,75,-3.7703,-70.3831,CO,2.3,100,1612497820
Flin Flon,-5.96,100,54.7682,-101.865,CA,8.39,90,1612497820
Nacala,77.0,84,-14.5428,40.6728,MZ,3.71,85,1612497820
Tooele,32.0,1,40.5308,-112.2983,US,8.05,80,1612497820
Llata,53.22,100,-9.4167,-76.7833,PE,3.83,70,1612497820
Dāmghān,40.51,59,36.1683,54.348,IR,2.77,65,1612497820
Mayo,39.2,90,38.8876,-76.5119,US,9.22,65,1612497820
Kazachinskoye,8.74,87,57.6953,93.2761,RU,6.35,93,1612497820
Novy Urengoy,-23.73,26,66.0833,76.6333,RU,7.78,86,1612497821
Shitkino,10.96,100,56.3703,98.3543,RU,8.95,94,1612497821
Ust'-Ilimsk,5.11,99,58.0006,102.6619,RU,6.31,92,1612497821
Menongue,60.39,3,-14.6585,17.691,AO,3.2,84,1612497821
Vigrestad,19.4,0,58.5667,5.7,NO,4.61,45,1612497821
Norman Wells,-41.8,40,65.282,-126.8329,CA,6.91,66,1612497821
Hofn,36.48,100,64.2539,-15.2082,IS,17.25,79,1612497821
Vokhma,11.3,100,58.9303,46.7586,RU,1.3,96,1612497821
Semīrom,35.17,35,31.4167,51.5667,IR,2.84,76,1612497822
Saint-Pierre,82.99,75,-21.3393,55.4781,RE,10.36,69,1612497822
Polyarny,-2.2,40,69.1989,33.4478,RU,9.24,84,1612497822
Manjacaze,76.73,100,-24.7117,33.8828,MZ,2.46,88,1612497822
Port Blair,82.83,16,11.6667,92.75,IN,13.56,70,1612497722
Ambon City,89.6,20,-3.6954,128.1814,ID,6.91,62,1612497787
Marawi,81.0,74,7.9986,124.2928,PH,7.0,84,1612497822
Rome,21.0,1,43.2128,-75.4557,US,5.75,86,1612497822
Polunochnoye,7.23,100,60.8697,60.4153,RU,2.19,96,1612497823
Giresun Province,51.8,75,40.5,38.5,TR,5.75,100,1612497823
Pimenta Bueno,74.52,100,-11.6725,-61.1936,BR,2.57,93,1612497823
Ancud,68.0,0,-41.8697,-73.8203,CL,6.91,49,1612497780
Kamina,63.46,100,-8.7386,24.9906,CD,2.84,90,1612497823
Camacupa,62.42,99,-12.0167,17.4833,AO,3.56,96,1612497823
Te Anau,75.69,63,-45.4167,167.7167,NZ,2.71,39,1612497823
Mapiripán,76.12,100,2.8892,-72.1256,CO,2.93,88,1612497823
Fairbanks,-23.01,1,64.8378,-147.7164,US,2.39,75,1612497608
Pamanukan,81.36,99,-6.2842,107.8106,ID,15.05,83,1612497824
Salekhard,-19.43,88,66.53,66.6019,RU,5.35,87,1612497597
Kabala,65.16,1,9.5833,-11.55,SL,3.33,90,1612497824
Broken Hill,71.6,40,-31.95,141.4333,AU,12.66,37,1612497824
Mataram,86.0,75,-8.5833,116.1167,ID,16.11,74,1612497824
Khartoum,62.6,0,15.5518,32.5324,SD,14.97,29,1612497824
Sorong,84.31,85,-0.8833,131.25,ID,4.5,67,1612497824
Lagos,78.8,0,6.5833,3.75,NG,3.33,87,1612497824
Pacific Grove,52.0,1,36.6177,-121.9166,US,6.91,76,1612497825
Bontang,87.19,99,0.1333,117.5,ID,2.55,61,1612497825
Northampton,32.0,78,40.8754,-75.2499,US,1.68,87,1612497692
Shetpe,41.31,65,44.1667,52.1167,KZ,12.77,76,1612497776
Linxi,49.53,0,39.7,118.4333,CN,14.34,38,1612497825
Talnakh,-23.53,99,69.4865,88.3972,RU,1.16,85,1612497825
Half Moon Bay,52.0,1,37.4636,-122.4286,US,5.75,49,1612497825
Sussex,28.0,1,41.1834,-74.6663,US,2.77,93,1612497826
Aripuanã,74.77,95,-9.1667,-60.6333,BR,0.69,95,1612497826
Adrar,64.72,52,20.5022,-10.0711,MR,5.32,25,1612497826
Chaman,45.88,0,30.9236,66.4512,PK,2.66,51,1612497826
Price,26.6,1,39.5994,-110.8107,US,6.91,54,1612497826
Ol'ga,20.26,0,43.7444,135.2892,RU,2.84,74,1612497826
Sakakah,51.8,40,29.9697,40.2064,SA,6.91,87,1612497826
Okhotsk,3.72,93,59.3833,143.3,RU,10.74,88,1612497827
Shubarkuduk,31.91,98,49.1447,56.4872,KZ,8.63,97,1612497827
Waterloo,28.4,90,43.4668,-80.5164,CA,13.8,86,1612497827
Champerico,64.0,14,14.3,-91.9167,GT,4.0,94,1612497827
Mount Gambier,73.4,75,-37.8333,140.7667,AU,17.27,38,1612497827
Nikel,23.0,40,69.4128,30.222,RU,11.5,80,1612497827
Vaitape,82.17,1,-16.5167,-151.75,PF,5.14,65,1612497765
San Borja,71.37,100,-14.8167,-66.85,BO,3.29,93,1612497827
Port Hedland,85.96,36,-20.3167,118.5667,AU,13.4,67,1612497828
Kidderminster,42.01,81,52.3882,-2.25,GB,3.78,100,1612497828
Ati,65.19,0,13.2154,18.3353,TD,14.99,26,1612497828
Shahr-e Bābak,43.7,0,30.1165,55.1186,IR,6.6,52,1612497828
Santa Maria,64.4,0,-29.6842,-53.8069,BR,4.72,100,1612497828
Mahina,82.0,11,-17.5065,-149.489,PF,1.99,65,1612497828
La Rioja,44.6,100,42.25,-2.5,ES,1.25,93,1612497828
Kasempa,62.38,44,-13.4584,25.8338,ZM,2.48,94,1612497829
Inuvik,-36.4,100,68.3499,-133.7218,CA,8.05,74,1612497829
Linxia Chengguanzhen,35.69,0,35.6003,103.2064,CN,2.33,56,1612497683
Paragould,39.2,1,36.0584,-90.4973,US,14.97,65,1612497579
Departamento de Maldonado,68.0,40,-34.6667,-54.9167,UY,23.02,73,1612497829
Le Vauclin,77.0,20,14.5452,-60.8388,MQ,10.36,78,1612497829
Fare,81.9,0,-16.7,-151.0167,PF,7.81,67,1612497829
Mackenzie,15.8,90,55.2999,-123.1698,CA,2.3,100,1612497829
Darnah,57.4,0,32.767,22.6367,LY,13.22,72,1612497829
Chumikan,-13.36,11,54.7183,135.315,RU,25.97,80,1612497604
Brignoles,52.0,100,43.4,6.0667,FR,4.32,93,1612497830
Tumpat,82.4,20,6.1978,102.171,MY,3.44,74,1612497830
Fallon,33.8,40,39.4735,-118.7774,US,5.75,69,1612497830
Brisbane,86.0,20,-27.4679,153.0281,AU,10.36,57,1612497609
Puerto Santander,74.21,69,8.3636,-72.4063,CO,0.98,88,1612497830
Sawtell,82.4,7,-30.3833,153.1,AU,12.66,65,1612497830
Dhidhdhoo,81.3,85,6.8833,73.1,MV,5.64,71,1612497790
Nahrin,45.63,0,36.0649,69.1334,AF,5.23,43,1612497830
West Wendover,35.6,1,40.7391,-114.0733,US,4.61,38,1612497718
Belmonte,77.0,40,-15.8631,-38.8828,BR,4.61,83,1612497803
Korsakovo,17.78,100,53.2677,37.3569,RU,20.69,96,1612497831
Quatre Cocos,82.99,40,-20.2078,57.7625,MU,11.5,65,1612497831
Bonfim,78.28,89,3.0833,-59.95,BR,12.39,76,1612497831
Troitsko-Pechorsk,17.1,100,62.7084,56.1964,RU,5.75,97,1612497831
Kanie,46.99,75,35.1333,136.8,JP,6.91,57,1612497831
Samarinda,85.5,98,-0.5,117.15,ID,1.81,75,1612497832
Jhawarian,55.17,0,32.3614,72.6228,PK,4.07,65,1612497832
Mirador,73.09,99,-6.3708,-44.3631,BR,1.9,88,1612497832
Diu,73.98,17,20.7141,70.9822,IN,6.4,29,1612497544
Tezu,78.48,0,27.9167,96.1667,IN,3.15,17,1612497832
Boende,72.59,95,-0.2167,20.8667,CD,2.66,96,1612497832
Arima,78.01,20,10.6333,-61.2833,TT,5.86,83,1612497832
Sabha,51.75,0,27.0377,14.4283,LY,8.75,45,1612497833
Laguna,50.0,1,38.421,-121.4238,US,1.72,57,1612497833
Kyra,17.47,98,49.5776,111.9753,RU,5.41,88,1612497833
Upington,69.8,0,-28.4478,21.2561,ZA,6.91,37,1612497833
Lexington,41.0,90,37.9887,-84.4777,US,10.36,93,1612497547
Nyurba,-33.5,66,63.2842,118.3319,RU,3.98,82,1612497833
Samarai,84.43,59,-10.6167,150.6667,PG,5.32,71,1612497833
Oistins,78.8,20,13.0667,-59.5333,BB,19.57,61,1612497833
Niquero,69.55,8,20.0431,-77.5828,CU,15.55,74,1612497834
Moba,42.06,0,33.2288,105.0179,CN,2.44,54,1612497834
Mollendo,70.83,71,-17.0231,-72.0147,PE,4.47,79,1612497673
Navahrudak,3.47,95,53.6,25.8333,BY,6.87,97,1612497834
Pelym,7.56,100,61.0108,61.9978,RU,4.76,95,1612497834
Māndal,61.68,0,25.45,74.5667,IN,5.93,53,1612497834
Berlevåg,24.8,40,70.8578,29.0864,NO,9.22,80,1612497769
Isiro,65.7,26,2.7739,27.616,CD,1.61,95,1612497834
Agüimes,57.2,20,27.9054,-15.4461,ES,9.22,58,1612497834
Buraidah,64.4,40,26.326,43.975,SA,14.97,42,1612497816
Palmer,25.0,40,42.1584,-72.3287,US,1.14,85,1612497835
Akdepe,37.4,100,42.0551,59.3788,TM,6.91,86,1612497835
Vicuña,60.8,90,-30.0319,-70.7081,CL,3.44,82,1612497835
Jumla,39.83,91,29.2747,82.1838,NP,7.52,69,1612497783
Perth,75.99,0,-31.9333,115.8333,AU,21.85,29,1612497707
Husavik,26.6,0,66.0449,-17.3389,IS,16.11,68,1612497835
Passy,44.01,100,45.9203,6.6877,FR,5.79,97,1612497836
Coyhaique,60.8,0,-45.5752,-72.0662,CL,2.3,63,1612497551
Safonovo,4.66,95,55.15,33.2167,RU,8.46,95,1612497836
Newport,43.0,17,51.5877,-2.9984,GB,6.98,98,1612497700
Sabzawār,32.0,0,36.2126,57.6819,IR,11.5,47,1612497836
St. George's,78.8,40,12.0564,-61.7485,GD,14.97,78,1612497836
Isla Vista,54.0,1,34.4133,-119.861,US,3.44,71,1612497836
Hualmay,69.57,98,-11.0964,-77.6139,PE,5.55,84,1612497836
Bambanglipuro,85.96,95,-7.95,110.2833,ID,8.23,66,1612497836
El Batey,68.0,90,19.7667,-70.5167,DO,8.23,100,1612497837
Alekseyevsk,6.08,99,57.8406,108.3492,RU,3.65,92,1612497837
Mendi,64.15,89,-6.1761,143.6513,PG,3.89,94,1612497837
Yangambi,70.57,98,0.8102,24.4336,CD,2.04,98,1612497837
Itaituba,74.21,77,-4.2761,-55.9836,BR,1.34,91,1612497664
Xushan,55.4,40,30.1764,121.2457,CN,2.24,71,1612497837
Kavieng,83.75,88,-2.5744,150.7967,PG,1.92,71,1612497768
Quryq,46.74,100,43.2,51.65,KZ,17.13,83,1612497837
Chute-aux-Outardes,28.4,90,49.1168,-68.399,CA,3.44,74,1612497838
Vila Franca do Campo,53.6,20,37.7167,-25.4333,PT,11.5,76,1612497838
Kembé,67.69,86,4.6228,21.8865,CF,4.9,83,1612497838
Lilongwe,67.33,90,-13.9669,33.7873,MW,0.92,85,1612497838
Ketchikan,39.2,75,55.3422,-131.6461,US,12.66,100,1612497838
Kapuskasing,30.2,97,49.4169,-82.4331,CA,11.5,69,1612497838
Kyabé,72.86,49,9.4515,18.9449,TD,8.21,21,1612497838
Kearney,32.0,1,40.6995,-99.0815,US,10.36,80,1612497838
Broome,26.6,1,42.2506,-75.833,US,10.36,68,1612497838
Springfield,30.99,1,37.2153,-93.2982,US,8.05,59,1612497679
Morristown,37.0,90,36.214,-83.2949,US,3.44,100,1612497814
Bolgatanga,74.82,60,10.7856,-0.8514,GH,7.16,19,1612497839
Apiaí,65.57,6,-24.5094,-48.8425,BR,2.35,100,1612497839
Biankouma,68.61,12,7.7391,-7.6138,CI,1.86,93,1612497839
Charters Towers,89.29,92,-20.1,146.2667,AU,14.45,51,1612497839
Da Lat,76.41,81,11.9465,108.4419,VN,1.83,47,1612497839
Iquitos,75.2,40,-3.7481,-73.2472,PE,4.61,94,1612497840
Chapais,8.6,1,49.7834,-74.8492,CA,4.7,85,1612497840
Behbahān,42.8,0,30.5959,50.2417,IR,3.74,93,1612497840
Sibay,34.9,99,52.7181,58.6658,RU,6.93,96,1612497738
Lorengau,80.8,100,-2.0226,147.2712,PG,6.35,75,1612497769
Lábrea,75.99,100,-7.2586,-64.7981,BR,1.36,93,1612497840
Yārāda,75.2,0,17.65,83.2667,IN,3.44,46,1612497840
Tagusao,83.21,87,9.1924,117.8141,PH,8.79,68,1612497841
Yinchuan,41.67,0,38.4681,106.2731,CN,12.8,48,1612497841
Yulara,68.0,90,-25.2406,130.9889,AU,13.8,68,1612497766
Sumenep,84.43,58,-7.0167,113.8667,ID,18.9,75,1612497841
Teguise,55.4,0,29.0605,-13.564,ES,6.91,76,1612497841
Soyo,80.15,100,-6.1349,12.3689,AO,9.69,85,1612497841
Joshīmath,42.4,35,30.5667,79.5667,IN,1.32,54,1612497841
Vila Velha,79.0,40,-20.3297,-40.2925,BR,8.05,78,1612497714
Micheweni,80.83,82,-4.9667,39.8333,TZ,8.08,72,1612497842
Vestmannaeyjar,39.72,100,63.4427,-20.2734,IS,31.7,73,1612497842
Qui Nhon,76.1,44,13.7667,109.2333,VN,13.22,75,1612497842
Rizhao,49.86,100,35.4275,119.4553,CN,14.23,49,1612497842
Tiffin,35.01,100,41.1145,-83.178,US,5.99,94,1612497781
Marsá Maţrūḩ,60.8,75,31.3525,27.2453,EG,12.66,67,1612497842
Dunedin,55.99,67,-45.8742,170.5036,NZ,25.99,70,1612497842
Karasjok,26.6,90,69.4719,25.5112,NO,10.36,80,1612497842
Kenai,18.0,90,60.5544,-151.2583,US,10.36,79,1612497843
Praia da Vitória,51.8,75,38.7333,-27.0667,PT,19.55,87,1612497843
